1.9,3,45,-3.5,-0.1,-90,1.0062,3.5511,-3.113,3.5014,6.2266,8.5,0.63529,5.4,3.1,135,1,1,1,0,2
-3,-3.5,0,-0.1,-0.5,-45,-2.2794,4.6098,-1.7682,0.5099,4.1725,5.9,0.49153,2.9,3,45,0,0,0,0,0
-4.1,-2.2,-135,-0.7,1.4,180,-2.6491,4.653,2.0344,1.5652,4.9518,7,0.48571,3.4,3.6,315,1,1,1,1,1
-2.7,-1.2,-45,3.9,1.2,135,-2.7234,2.9547,0.2985,4.0804,7.0228,9,0.73333,6.6,2.4,180,1,1,1,1,0
-2.4,-3.2,-135,-5.8,-3.5,180,-2.2143,4,-2.5986,6.7742,3.4132,3.7,0.91892,3.4,0.3,315,0,0,0,0,0
-6,-2.5,90,3.5,-3,-45,-2.7468,6.5,-0.70863,4.6098,9.5131,10,0.95,9.5,0.5,135,0,0,0,0,3
-3.3,1.6,-45,0.5,-0.3,-90,2.6901,3.6674,-0.54042,0.5831,4.2485,5.7,0.66667,3.8,1.9,45,0,0,0,1,1
2.1,-0.1,90,-5.5,2,90,-0.047583,2.1024,2.7928,5.8523,7.8848,9.7,0.78351,7.6,2.1,0,1,1,1,0,0
5.8,-1.1,0,0.2,2.2,-45,-0.18743,5.9034,1.4801,2.2091,6.5,8.9,0.62921,5.6,3.3,45,0,0,0,0,0
-3,-1.9,0,-0.7,0.9,0,-2.577,3.5511,2.2318,1.1402,3.6235,5.1,0.45098,2.3,2.8,0,0,0,0,1,0
1.4,-0.3,-45,-0.1,-1,180,-0.21109,1.4318,-1.6705,1.005,1.6553,2.2,0.68182,1.5,0.7,225,0,0,0,0,0
5.7,-2.2,-135,1.9,2.8,135,-0.36835,6.1098,0.9746,3.3838,6.2801,8.8,0.43182,3.8,5,270,2,2,2,1,1
-0.1,-1.2,-45,0.1,-1.8,0,-1.6539,1.2042,-1.5153,1.8028,0.63246,0.8,0.25,0.2,0.6,45,0,0,0,0,0
-2.4,-1.7,0,2.9,-3.1,90,-2.5253,2.9411,-0.81872,4.245,5.4818,6.7,0.79104,5.3,1.4,90,1,1,1,0,0
1.2,2.3,0,5.4,1.6,-45,1.0899,2.5942,0.28806,5.6321,4.2579,4.9,0.85714,4.2,0.7,45,0,0,0,0,1
0.5,1.4,135,3.6,1.9,-45,1.2278,1.4866,0.48562,4.0706,3.1401,3.6,0.86111,3.1,0.5,180,0,0,0,0,0
-4.5,-1.2,90,-0.8,2.8,-45,-2.881,4.6573,1.8491,2.912,5.4489,7.7,0.48052,3.7,4,135,1,1,1,1,0
0.6,0.6,135,-5,1.9,-135,0.7854,0.84853,2.7784,5.3488,5.7489,6.9,0.81159,5.6,1.3,270,0,0,0,0,2
-4.2,-1.5,45,5.2,3.2,180,-2.7986,4.4598,0.55165,6.1057,10.51,14.1,0.66667,9.4,4.7,135,1,1,1,1,2
-2.9,-1.7,135,-1.5,0.3,90,-2.6114,3.3615,2.9442,1.5297,2.4413,3.4,0.41176,1.4,2,45,0,0,0,0,0
0.3,-1.7,0,3.1,3.3,-90,-1.3961,1.7263,0.81664,4.5277,5.7306,7.8,0.35897,2.8,5,90,0,0,0,1,0
3.8,1.3,-45,3.7,3.4,0,0.32962,4.0162,0.74317,5.0249,2.1024,2.2,0.045455,0.1,2.1,45,0,0,0,0,0
2.6,0.1,90,3.7,0.2,135,0.038443,2.6019,0.054002,3.7054,1.1045,1.2,0.91667,1.1,0.1,45,0,0,0,0,0
0,-3,45,1.2,2.5,0,-1.5708,3,1.1233,2.7731,5.6294,6.7,0.1791,1.2,5.5,45,1,1,1,1,1
4.8,-3.2,45,-2.1,2.8,-90,-0.588,5.7689,2.2143,3.5,9.1439,12.9,0.53488,6.9,6,135,2,2,2,1,2
5.5,-1.7,0,3,3.1,90,-0.29978,5.7567,0.80179,4.3139,5.412,7.3,0.34247,2.5,4.8,90,3,3,3,1,1
-0.5,-0.4,0,-0.3,-0.3,135,-2.4669,0.64031,-2.3562,0.42426,0.22361,0.3,0.66667,0.2,0.1,135,0,0,0,0,0
-2.6,-1.5,-90,0.2,1.8,90,-2.6183,3.0017,1.4601,1.8111,4.3278,6.1,0.45902,2.8,3.3,180,1,1,1,1,0
5.2,1.3,-45,-0.2,3.1,45,0.24498,5.36,1.6352,3.1064,5.6921,7.2,0.75,5.4,1.8,90,0,0,0,0,2
0,3.2,-135,-0.9,2.2,135,1.5708,3.2,1.9591,2.377,1.3454,1.9,0.47368,0.9,1,270,0,0,0,0,0
4.6,1.9,180,-3.9,3.1,45,0.3917,4.9769,2.47,4.982,8.5843,9.7,0.87629,8.5,1.2,135,0,0,0,0,3
-3.5,1,45,-2.7,-0.4,-45,2.8633,3.6401,-2.9945,2.7295,1.6125,2.2,0.36364,0.8,1.4,90,2,2,2,1,1
-4.7,1.8,180,4.6,2.4,-135,2.7758,5.0329,0.48089,5.1884,9.3193,9.9,0.93939,9.3,0.6,315,0,0,0,1,3
-4.5,1.8,0,4.5,3.5,45,2.7611,4.8466,0.66104,5.7009,9.1591,10.7,0.84112,9,1.7,45,1,1,1,1,3
0.9,0.6,0,-0.1,-0.9,-90,0.588,1.0817,-1.6815,0.90554,1.8028,2.5,0.4,1,1.5,90,1,1,1,1,1
-0.4,1.9,45,1.3,-2.3,-90,1.7783,1.9416,-1.0563,2.642,4.531,5.9,0.28814,1.7,4.2,135,1,1,1,1,1
-1.5,-0.8,45,2.6,2.3,-90,-2.6516,1.7,0.72425,3.4713,5.14,7.2,0.56944,4.1,3.1,135,1,1,1,0,0
3.1,0.7,45,-4.4,0.6,45,0.22208,3.178,3.0061,4.4407,7.5007,7.6,0.98684,7.5,0.1,0,0,0,0,0,3
-0.5,-1.8,45,1,3.3,-135,-1.8417,1.8682,1.2766,3.4482,5.316,6.6,0.22727,1.5,5.1,180,1,1,1,1,0
2.5,-1.5,-90,-3.7,-0.1,0,-0.54042,2.9155,-3.1146,3.7014,6.3561,7.6,0.81579,6.2,1.4,90,0,0,0,1,1
5.2,-3.4,135,-5.3,-1.7,-135,-0.57907,6.2129,-2.8312,5.566,10.637,12.2,0.86066,10.5,1.7,270,1,1,1,0,2
3.9,-1.1,90,-5.3,1.3,0,-0.27491,4.0522,2.9011,5.4571,9.5079,11.6,0.7931,9.2,2.4,90,0,0,0,1,0
-5.6,-2.5,-45,5.3,2.9,-90,-2.7217,6.1327,0.50067,6.0415,12.164,16.3,0.66871,10.9,5.4,45,2,2,2,1,4
5.6,-0.6,-45,0.2,0.8,45,-0.10674,5.6321,1.3258,0.82462,5.5785,6.8,0.79412,5.4,1.4,90,0,0,0,0,0
4.7,-2.5,-45,-4.2,-1.3,135,-0.48885,5.3235,-2.8414,4.3966,8.9805,10.1,0.88119,8.9,1.2,180,0,0,0,0,4
1.7,2.3,-90,1.8,-0.1,-135,0.93429,2.8601,-0.055499,1.8028,2.4021,2.5,0.04,0.1,2.4,45,0,0,0,0,0
-5.9,1.7,-45,1,-0.7,-90,2.8611,6.14,-0.61073,1.2207,7.3055,9.3,0.74194,6.9,2.4,45,0,0,0,0,2
5.8,-2.8,135,-2.3,-3,-90,-0.44976,6.4405,-2.2249,3.7802,8.1025,8.3,0.9759,8.1,0.2,225,0,0,0,0,2
-1.4,2.3,-90,2.1,0.7,-45,2.1176,2.6926,0.32175,2.2136,3.8484,5.1,0.68627,3.5,1.6,45,0,0,0,0,1
-1.2,-1.9,-135,-1.2,2.7,0,-2.1341,2.2472,1.989,2.9547,4.6,4.6,0,0,4.6,135,0,0,0,0,0
0.1,-2.8,0,-3.4,0.4,-135,-1.5351,2.8018,3.0245,3.4234,4.7424,6.7,0.52239,3.5,3.2,135,0,0,0,0,0
0.6,1.2,-135,-3.1,-1.4,0,1.1071,1.3416,-2.7174,3.4015,4.5222,6.3,0.5873,3.7,2.6,135,1,1,1,1,1
5.6,3.2,0,-1.4,2.8,90,0.51915,6.4498,2.0344,3.1305,7.0114,7.4,0.94595,7,0.4,90,0,0,0,0,2
4.3,2.2,-135,-5.6,2.1,45,0.47291,4.8301,2.7828,5.9808,9.9005,10,0.99,9.9,0.1,180,0,0,0,0,3
-0.3,0.9,90,-1.9,2,-45,1.8925,0.94868,2.3306,2.7586,1.9416,2.7,0.59259,1.6,1.1,135,0,0,0,0,0
4.6,-1.2,-45,0.6,0.7,90,-0.25518,4.7539,0.86217,0.92195,4.4283,5.9,0.67797,4,1.9,135,0,0,0,0,0
-1.3,-1.6,45,0.7,0.4,90,-2.2531,2.0616,0.51915,0.80623,2.8284,4,0.5,2,2,45,0,0,0,0,0
-5.5,-0.5,90,-5.2,-1.4,-90,-3.0509,5.5227,-2.8786,5.3852,0.94868,1.2,0.25,0.3,0.9,180,0,0,0,0,0
-2.3,-1.1,90,1,0.3,0,-2.6955,2.5495,0.29146,1.044,3.5847,4.7,0.70213,3.3,1.4,90,0,0,0,0,0
-2.2,2.7,90,-0.3,3.5,180,2.2545,3.4828,1.6563,3.5128,2.0616,2.7,0.7037,1.9,0.8,90,0,0,0,0,0
-0.5,-3.5,-45,2,-0.1,45,-1.7127,3.5355,-0.049958,2.0025,4.2202,5.9,0.42373,2.5,3.4,90,1,1,1,1,1
-0.1,1.4,-135,3.5,1.3,45,1.6421,1.4036,0.35564,3.7336,3.6014,3.7,0.97297,3.6,0.1,180,0,0,0,0,1
2.5,-1.1,90,-3.8,-0.1,135,-0.41451,2.7313,-3.1153,3.8013,6.3789,7.3,0.86301,6.3,1,45,0,0,0,0,0
-1.6,-1.4,-45,5.6,1.8,-90,-2.4228,2.126,0.311,5.8822,7.8791,10.4,0.69231,7.2,3.2,45,1,1,1,0,1
5.3,1.1,180,0.4,-2,90,0.20464,5.4129,-1.3734,2.0396,5.7983,8,0.6125,4.9,3.1,90,0,0,0,1,1
-2.8,3,-45,5,-1.8,-45,2.3217,4.1037,-0.34556,5.3141,9.1586,12.6,0.61905,7.8,4.8,0,2,2,2,1,2
3,2.8,90,1.8,-2.9,45,0.75093,4.1037,-1.0153,3.4132,5.8249,6.9,0.17391,1.2,5.7,45,1,1,1,2,0
4.9,3.5,-45,-4.2,1.5,90,0.62025,6.0216,2.7986,4.4598,9.3172,11.1,0.81982,9.1,2,135,0,0,0,0,3
1,-3,-45,-5.4,2.5,0,-1.249,3.1623,2.708,5.9506,8.4386,11.9,0.53782,6.4,5.5,45,4,4,4,2,1
4.9,-2.6,45,-5.9,2.1,-90,-0.48784,5.5471,2.7996,6.2626,11.778,15.5,0.69677,10.8,4.7,135,0,0,0,1,2
-5.4,3.4,180,-3.7,1.7,180,2.5797,6.3812,2.7109,4.0719,2.4042,3.4,0.5,1.7,1.7,0,1,1,1,1,0
0.7,-2.9,-45,0.3,-2.8,0,-1.3339,2.9833,-1.4641,2.816,0.41231,0.5,0.8,0.4,0.1,45,0,0,0,0,0
-6,1.3,180,-4.3,0.1,45,2.9282,6.1392,3.1183,4.3012,2.0809,2.9,0.58621,1.7,1.2,135,0,0,0,0,0
-4.2,3,90,-5.2,2.5,90,2.5213,5.1614,2.6934,5.7697,1.118,1.5,0.66667,1,0.5,0,0,0,0,0,0
-1.1,-2.5,-135,0.7,2.4,90,-1.9853,2.7313,1.287,2.5,5.2202,6.7,0.26866,1.8,4.9,225,1,1,1,0,0
-3.2,2.7,135,5.8,-0.9,0,2.4407,4.1869,-0.15394,5.8694,9.6933,12.6,0.71429,9,3.6,135,0,0,0,1,2
0.4,-3.4,90,-4.1,-1.6,-90,-1.4537,3.4234,-2.7695,4.4011,4.8466,6.3,0.71429,4.5,1.8,180,1,1,1,1,1
-2.3,-1.1,45,-4.2,-2.7,90,-2.6955,2.5495,-2.5703,4.993,2.4839,3.5,0.54286,1.9,1.6,45,1,1,1,0,0
2.5,-1.9,-45,-4.1,1.4,180,-0.64987,3.1401,2.8125,4.3324,7.379,9.9,0.66667,6.6,3.3,225,0,0,0,2,1
1.1,3.4,-45,-5.1,0.4,-45,1.2579,3.5735,3.0633,5.1157,6.8877,9.2,0.67391,6.2,3,0,0,0,0,0,2
-3.2,2.5,-135,2.6,-3.5,90,2.4784,4.0608,-0.93188,4.36,8.3451,11.8,0.49153,5.8,6,225,0,0,0,1,1
-5.3,2.1,0,-0.7,-0.6,180,2.7643,5.7009,-2.433,0.92195,5.3339,7.3,0.63014,4.6,2.7,180,2,2,2,1,1
-6,2.8,90,0.1,-0.4,0,2.705,6.6212,-1.3258,0.41231,6.8884,9.3,0.65591,6.1,3.2,90,1,1,1,0,1
-3.8,2,45,1.3,2,90,2.6571,4.2942,0.99442,2.3854,5.1,5.1,1,5.1,0,45,2,2,2,0,2
-0.1,2.4,0,4.6,2.3,0,1.6124,2.4021,0.46365,5.143,4.7011,4.8,0.97917,4.7,0.1,0,0,0,0,0,2
1.4,-1.3,180,-4.6,0.6,-135,-0.74838,1.9105,3.0119,4.639,6.2936,7.9,0.75949,6,1.9,315,0,0,0,0,0
-4.6,1.7,-45,-2.5,-2.5,-135,2.7876,4.9041,-2.3562,3.5355,4.6957,6.3,0.33333,2.1,4.2,90,0,0,0,1,1
-4.4,1.2,180,-5.3,0.7,-135,2.8753,4.5607,3.0103,5.346,1.0296,1.4,0.64286,0.9,0.5,315,0,0,0,0,0
-2.2,-1.5,-135,-4.3,1.6,0,-2.5432,2.6627,2.7854,4.588,3.7443,5.2,0.40385,2.1,3.1,135,1,1,1,0,1
-5,-1.2,0,-5.2,-0.5,180,-2.906,5.142,-3.0457,5.224,0.72801,0.9,0.22222,0.2,0.7,180,0,0,0,0,0
-1.1,2.9,90,-3.8,-2.1,90,1.9333,3.1016,-2.6367,4.3417,5.6824,7.7,0.35065,2.7,5,0,2,2,2,0,1
-2.6,-3.3,90,3.3,-1.7,180,-2.2381,4.2012,-0.4757,3.7121,6.1131,7.5,0.78667,5.9,1.6,90,1,1,1,0,2
1.6,1.4,45,4.8,3.5,-135,0.71883,2.126,0.63003,5.9405,3.8275,5.3,0.60377,3.2,2.1,180,0,0,0,0,1
-3.4,-2.1,45,0.2,-0.1,-45,-2.5883,3.9962,-0.46365,0.22361,4.1183,5.6,0.64286,3.6,2,90,0,0,0,0,0
1.9,2.3,90,4.2,2.3,180,0.88035,2.9833,0.50101,4.7885,2.3,2.3,1,2.3,0,90,1,1,1,0,1
-3.7,-2,135,-3.3,0.7,-135,-2.646,4.2059,2.9326,3.3734,2.7295,3.1,0.12903,0.4,2.7,270,2,2,2,1,1
-4.9,-2.8,-45,-0.9,2.3,-90,-2.6224,5.6436,1.9438,2.4698,6.4815,9.1,0.43956,4,5.1,45,1,1,1,2,0
5.1,0.8,45,-1.6,3.2,135,0.15559,5.1624,2.0344,3.5777,7.1169,9.1,0.73626,6.7,2.4,90,0,0,0,0,2
0.7,-2.8,135,2.4,1.1,135,-1.3258,2.8862,0.42976,2.6401,4.2544,5.6,0.30357,1.7,3.9,0,1,1,1,2,0
-1,2.1,45,5.4,0.9,45,2.0152,2.3259,0.16515,5.4745,6.5115,7.6,0.84211,6.4,1.2,0,0,0,0,0,2
-4.7,2.9,45,-3.4,1,45,2.5888,5.5227,2.8555,3.544,2.3022,3.2,0.40625,1.3,1.9,0,1,1,1,1,0
0.6,-1.3,135,3.1,-3.1,180,-1.1384,1.4318,-0.7854,4.3841,3.0806,4.3,0.5814,2.5,1.8,45,0,0,0,1,0
-4.7,-1.6,90,0.2,3.1,90,-2.8135,4.9649,1.5064,3.1064,6.7897,9.6,0.51042,4.9,4.7,0,2,2,2,1,1
-3.2,-3.5,-135,3.1,2.8,90,-2.3114,4.7424,0.73459,4.1773,8.9095,12.6,0.5,6.3,6.3,225,1,1,1,1,2
-4.4,0,45,4.6,1.4,90,3.1416,4.4,0.29544,4.8083,9.1082,10.4,0.86538,9,1.4,45,0,0,0,0,1
-2.1,3.5,-135,-3.2,-1.3,135,2.1112,4.0817,-2.7557,3.454,4.9244,5.9,0.18644,1.1,4.8,270,1,1,1,0,0
-1.9,1.7,0,5.3,-1.1,180,2.4117,2.5495,-0.20464,5.4129,7.7253,10,0.72,7.2,2.8,180,0,0,0,0,2
5.2,-1.3,180,-5.7,-3,180,-0.24498,5.36,-2.6571,6.4413,11.032,12.6,0.86508,10.9,1.7,0,0,0,0,0,1
4.7,0.7,-135,0.7,0.1,180,0.14785,4.7518,0.1419,0.70711,4.0447,4.6,0.86957,4,0.6,315,0,0,0,0,1
3.5,2,180,4.7,0.8,-45,0.51915,4.0311,0.1686,4.7676,1.6971,2.4,0.5,1.2,1.2,225,1,1,1,1,1
-5.1,-2.8,-90,-4,1.6,-135,-2.6395,5.8181,2.7611,4.3081,4.5354,5.5,0.2,1.1,4.4,45,1,1,1,1,0
-1,0.6,-45,-0.9,-3.5,135,2.6012,1.1662,-1.8225,3.6139,4.1012,4.2,0.02381,0.1,4.1,180,1,1,1,1,0
-1.2,2.6,-90,-2.1,-2.3,-90,2.0032,2.8636,-2.3108,3.1145,4.982,5.8,0.15517,0.9,4.9,0,0,0,0,0,0
-1.1,1.3,-135,0.8,-0.3,-135,2.2731,1.7029,-0.35877,0.8544,2.4839,3.5,0.54286,1.9,1.6,0,1,1,1,0,1
5.7,-1.8,0,4,-1,135,-0.30588,5.9775,-0.24498,4.1231,1.8788,2.5,0.68,1.7,0.8,135,1,1,1,1,1
-3.2,-1.1,-45,-1.3,3.2,45,-2.8105,3.3838,1.9567,3.454,4.7011,6.2,0.30645,1.9,4.3,90,1,1,1,1,0
-4.7,0.3,-135,1.5,3.1,-45,3.0778,4.7096,1.1201,3.4438,6.8029,9,0.68889,6.2,2.8,90,0,0,0,1,1
3.6,-3.1,0,5.6,3.3,45,-0.71091,4.7508,0.5325,6.5,6.7052,8.4,0.2381,2,6.4,45,1,1,1,2,0
-5.5,-0.6,-90,4,-2.1,135,-3.0329,5.5326,-0.48345,4.5177,9.6177,11,0.86364,9.5,1.5,225,0,0,0,1,0
5.6,-1.9,-45,3.8,-2.4,90,-0.3271,5.9135,-0.56332,4.4944,1.8682,2.3,0.78261,1.8,0.5,135,0,0,0,0,1
3.6,-0.1,45,5.5,0.5,0,-0.027771,3.6014,0.09066,5.5227,1.9925,2.5,0.76,1.9,0.6,45,0,0,0,0,0
5.6,2.2,45,-3.8,0.7,45,0.37433,6.0166,2.9594,3.8639,9.5189,10.9,0.86239,9.4,1.5,0,0,0,0,0,3
3.2,-0.9,0,2.1,1.4,-90,-0.27417,3.3242,0.588,2.5239,2.5495,3.4,0.32353,1.1,2.3,90,1,1,1,1,0
1.3,0.1,0,2.9,-1.4,-90,0.076772,1.3038,-0.44976,3.2202,2.1932,3.1,0.51613,1.6,1.5,90,1,1,1,0,0
5.9,-2.9,0,3.9,-0.8,-90,-0.45684,6.5742,-0.20232,3.9812,2.9,4.1,0.4878,2,2.1,90,2,2,2,1,0
0.8,2.9,-45,2.2,-1.2,-45,1.3016,3.0083,-0.49935,2.506,4.3324,5.5,0.25455,1.4,4.1,0,0,0,0,1,0
0,-2.1,-90,-2.1,-2.6,180,-1.5708,2.1,-2.2502,3.3422,2.1587,2.6,0.80769,2.1,0.5,270,0,0,0,0,0
-3,-0.8,-90,-5.6,-2.9,90,-2.881,3.1048,-2.6638,6.3063,3.3422,4.7,0.55319,2.6,2.1,180,1,1,1,0,0
-3.7,1.1,-135,-4.6,0.3,135,2.8526,3.8601,3.0765,4.6098,1.2042,1.7,0.52941,0.9,0.8,270,0,0,0,0,0
-0.1,1.8,135,-2.6,-1.3,0,1.6263,1.8028,-2.6779,2.9069,3.9825,5.6,0.44643,2.5,3.1,135,0,0,0,1,0
2.6,-2.3,45,4.1,3.5,-90,-0.72425,3.4713,0.70661,5.3907,5.9908,7.3,0.20548,1.5,5.8,135,2,2,2,2,0
5.9,0.1,90,4.9,1.6,90,0.016948,5.9008,0.31562,5.1546,1.8028,2.5,0.4,1,1.5,0,0,0,0,0,0
-2,3.5,135,-0.6,0.5,135,2.0899,4.0311,2.4469,0.78102,3.3106,4.4,0.31818,1.4,3,0,0,0,0,0,0
-3.4,1.5,-45,5.9,1.5,-45,2.7261,3.7162,0.24896,6.0877,9.3,9.3,1,9.3,0,0,2,2,2,0,2
-1.9,-3,-90,-5.6,3.4,-90,-2.1354,3.5511,2.5959,6.5513,7.3926,10.1,0.36634,3.7,6.4,0,1,1,1,1,0
-4.9,-3.2,-135,4.3,-0.5,180,-2.5631,5.8523,-0.11576,4.329,9.588,11.9,0.77311,9.2,2.7,315,0,0,0,1,2
1.6,-0.1,0,0.3,2.9,180,-0.062419,1.6031,1.4677,2.9155,3.2696,4.3,0.30233,1.3,3,180,0,0,0,0,0
-1.5,-0.4,90,5.8,2.8,-90,-2.881,1.5524,0.44976,6.4405,7.9706,10.5,0.69524,7.3,3.2,180,1,1,1,0,0
4.7,-0.1,180,4.6,2.4,180,-0.021273,4.7011,0.48089,5.1884,2.502,2.6,0.038462,0.1,2.5,0,0,0,0,0,0
-0.9,-2.4,45,-4.1,-3.2,0,-1.9296,2.5632,-2.4789,5.201,3.2985,4,0.8,3.2,0.8,45,1,1,1,1,1
4.7,-1,-135,-1.8,-1,-90,-0.20964,4.8052,-2.6345,2.0591,6.5,6.5,1,6.5,0,45,0,0,0,0,0
-3.3,2.7,45,-5.3,-1.5,-90,2.4559,4.2638,-2.8658,5.5082,4.6519,6.2,0.32258,2,4.2,135,2,2,2,1,1
3.6,1.7,-45,-0.7,0.9,-45,0.44118,3.9812,2.2318,1.1402,4.3738,5.1,0.84314,4.3,0.8,0,0,0,0,0,1
4.3,-0.6,45,-0.7,-2.6,45,-0.13864,4.3417,-1.8338,2.6926,5.3852,7,0.71429,5,2,0,1,1,1,1,0
-0.9,2.9,0,-2.1,-0.9,-135,1.8717,3.0364,-2.7367,2.2847,3.985,5,0.24,1.2,3.8,135,0,0,0,1,0
1.1,-2.9,-135,5,2.6,45,-1.2083,3.1016,0.47952,5.6356,6.7424,9.4,0.41489,3.9,5.5,180,1,1,1,1,1
-4.9,-2.3,0,-0.1,-1.8,-135,-2.7027,5.4129,-1.6263,1.8028,4.826,5.3,0.90566,4.8,0.5,135,0,0,0,0,1
-3,3.2,135,2.5,-3.3,0,2.3239,4.3863,-0.92246,4.14,8.5147,12,0.45833,5.5,6.5,135,1,1,1,1,1
1.1,-2.8,180,2,3.5,-45,-1.1965,3.0083,1.0517,4.0311,6.364,7.2,0.125,0.9,6.3,225,1,1,1,1,0
0.2,-0.8,90,4,0.7,180,-1.3258,0.82462,0.17325,4.0608,4.0853,5.3,0.71698,3.8,1.5,90,0,0,0,1,0
5,-1.5,180,-2.9,-1.8,-45,-0.29146,5.2202,-2.5861,3.4132,7.9057,8.2,0.96341,7.9,0.3,225,0,0,0,0,1
2,-3,-90,3.3,-0.4,0,-0.98279,3.6056,-0.12062,3.3242,2.9069,3.9,0.33333,1.3,2.6,90,1,1,1,0,1
0,-2.2,90,-1.1,1.7,90,-1.5708,2.2,2.1451,2.0248,4.0522,5,0.22,1.1,3.9,0,1,1,1,1,0
1.6,-0.6,0,-5.4,0.4,0,-0.35877,1.7088,3.0677,5.4148,7.0711,8,0.875,7,1,0,0,0,0,0,0
-5,-1.5,45,4.5,-0.4,-90,-2.8501,5.2202,-0.088656,4.5177,9.5635,10.6,0.89623,9.5,1.1,135,0,0,0,0,1
-5.6,1.4,-90,5.7,0.7,-135,2.8966,5.7723,0.1222,5.7428,11.322,12,0.94167,11.3,0.7,45,0,0,0,0,3
3,-1.8,0,-4.6,-2.3,-45,-0.54042,3.4986,-2.6779,5.143,7.6164,8.1,0.93827,7.6,0.5,45,0,0,0,0,1
-2.1,3.3,-45,0.1,2.2,135,2.1375,3.9115,1.5254,2.2023,2.4597,3.3,0.66667,2.2,1.1,180,0,0,0,0,0
-5.2,-1.4,-45,3.1,2.3,90,-2.8786,5.3852,0.63832,3.8601,9.0874,12,0.69167,8.3,3.7,135,0,0,0,1,0
5.1,-2.5,-45,-4.7,-0.1,-90,-0.45577,5.6798,-3.1203,4.7011,10.09,12.2,0.80328,9.8,2.4,45,0,0,0,1,4
-5.4,0.4,-135,-5.6,1.8,180,3.0677,5.4148,2.8306,5.8822,1.4142,1.6,0.125,0.2,1.4,315,0,0,0,0,0
-5.2,2.1,45,-0.7,-0.7,0,2.7578,5.608,-2.3562,0.98995,5.3,7.3,0.61644,4.5,2.8,45,2,2,2,1,1
0.9,-0.4,135,-4.5,1.6,135,-0.41822,0.98489,2.8,4.776,5.7585,7.4,0.72973,5.4,2,0,0,0,0,1,0
-0.7,3.5,-45,5.7,-2.5,45,1.7682,3.5693,-0.41333,6.2241,8.7727,12.4,0.51613,6.4,6,90,2,2,2,1,2
-5.7,-0.5,0,5.3,0.1,-135,-3.0541,5.7219,0.018866,5.3009,11.016,11.6,0.94828,11,0.6,135,0,0,0,0,0
-5.4,-1.4,-135,5.2,1.2,-135,-2.8879,5.5785,0.2268,5.3367,10.914,13.2,0.80303,10.6,2.6,0,1,1,1,0,1
-3.2,-1.8,45,5.9,-2.5,135,-2.6292,3.6715,-0.40079,6.4078,9.1269,9.8,0.92857,9.1,0.7,90,0,0,0,0,1
-4.5,3.3,45,2.3,-3.1,0,2.5088,5.5803,-0.93248,3.8601,9.3381,13.2,0.51515,6.8,6.4,45,1,1,1,2,2
1.6,-2,-45,2.4,-1.2,-45,-0.89606,2.5612,-0.46365,2.6833,1.1314,1.6,0.5,0.8,0.8,0,0,0,0,0,0
-0.3,-0.7,135,-1.6,-0.4,135,-1.9757,0.76158,-2.8966,1.6492,1.3342,1.6,0.8125,1.3,0.3,0,0,0,0,0,0
-4.7,-2,-45,-5.3,1.8,90,-2.7393,5.1078,2.8142,5.5973,3.8471,4.4,0.13636,0.6,3.8,135,1,1,1,1,0
-0.8,-1.6,0,-0.7,-2.6,-45,-2.0344,1.7889,-1.8338,2.6926,1.005,1.1,0.090909,0.1,1,45,0,0,0,0,0
4.9,-0.6,-90,0.5,2.9,90,-0.12184,4.9366,1.4001,2.9428,5.6223,7.9,0.55696,4.4,3.5,180,1,1,1,0,0
0.8,3.5,135,0.5,-2,-45,1.3461,3.5903,-1.3258,2.0616,5.5082,5.8,0.051724,0.3,5.5,180,1,1,1,1,0
2.8,2.9,-45,3.5,-0.9,-90,0.80294,4.0311,-0.25169,3.6139,3.8639,4.5,0.15556,0.7,3.8,45,1,1,1,1,0
5.8,0.4,45,1.2,-0.5,-45,0.068856,5.8138,-0.39479,1.3,4.6872,5.5,0.83636,4.6,0.9,90,0,0,0,0,0
1.1,0.7,45,5.4,3.4,45,0.56673,1.3038,0.56192,6.3812,5.0774,7,0.61429,4.3,2.7,0,1,1,1,0,1
0,-3,135,1.6,-2.3,180,-1.5708,3,-0.96299,2.8018,1.7464,2.3,0.69565,1.6,0.7,45,1,1,1,0,1
0.4,0.5,180,4.6,2.7,90,0.89606,0.64031,0.53077,5.3339,4.7413,6.4,0.65625,4.2,2.2,90,1,1,1,0,2
1.3,2.8,-135,-4.6,0.4,-90,1.1361,3.0871,3.0549,4.6174,6.3695,8.3,0.71084,5.9,2.4,45,0,0,0,0,2
3.2,-0.3,180,3.8,-1.3,-135,-0.093477,3.214,-0.32962,4.0162,1.1662,1.6,0.375,0.6,1,315,1,1,1,1,0
1.2,-0.7,90,5.8,2.8,-90,-0.52807,1.3892,0.44976,6.4405,5.7801,8.1,0.5679,4.6,3.5,180,1,1,1,0,0
2.7,-2.8,-135,-3.3,0.3,180,-0.80358,3.8897,3.0509,3.3136,6.7535,9.1,0.65934,6,3.1,315,0,0,0,1,2
-0.8,1.1,-90,5,-0.3,90,2.1996,1.3601,-0.059928,5.009,5.9666,7.2,0.80556,5.8,1.4,180,0,0,0,1,2
1.8,3.5,-45,2.1,2.2,-135,1.0958,3.9357,0.80865,3.0414,1.3342,1.6,0.1875,0.3,1.3,90,0,0,0,0,0
-3.9,1.3,0,2.7,-1,180,2.8198,4.111,-0.35471,2.8792,6.9893,8.9,0.74157,6.6,2.3,180,0,0,0,0,2
4.6,-0.5,135,2.2,3.3,-135,-0.10827,4.6271,0.98279,3.9661,4.4944,6.2,0.3871,2.4,3.8,270,1,1,1,0,0
-3,1.1,180,3.6,0.4,0,2.7901,3.1953,0.11066,3.6222,6.637,7.3,0.90411,6.6,0.7,180,0,0,0,0,1
-1.7,0.6,90,0.4,1.9,-45,2.8023,1.8028,1.3633,1.9416,2.4698,3.4,0.61765,2.1,1.3,135,0,0,0,0,1
-2.4,1.7,180,3.1,1.3,0,2.5253,2.9411,0.39708,3.3615,5.5145,5.9,0.9322,5.5,0.4,180,0,0,0,0,1
5.7,1,135,0,-2.1,-135,0.17367,5.7871,-1.5708,2.1,6.4885,8.8,0.64773,5.7,3.1,270,0,0,0,1,2
-3.7,0,45,4.9,2.4,-45,3.1416,3.7,0.45545,5.4562,8.9286,11,0.78182,8.6,2.4,90,0,0,0,1,1
-4.9,3.1,135,-4.6,2.6,-45,2.5775,5.7983,2.6271,5.2839,0.5831,0.8,0.375,0.3,0.5,180,0,0,0,0,0
2.3,0.7,135,4.3,-3.3,-90,0.29544,2.4042,-0.65457,5.4203,4.4721,6,0.33333,2,4,225,1,1,1,0,1
-4.9,1,-90,-3.9,0.8,180,2.9403,5.001,2.9393,3.9812,1.0198,1.2,0.83333,1,0.2,270,0,0,0,0,0
-3.6,1.4,135,3.2,-1.6,-135,2.7707,3.8626,-0.46365,3.5777,7.4324,9.8,0.69388,6.8,3,270,0,0,0,0,2
1.3,2.6,45,-0.5,1.8,180,1.1071,2.9069,1.8417,1.8682,1.9698,2.6,0.69231,1.8,0.8,135,0,0,0,0,1
2.5,-0.9,0,1.3,-0.1,-45,-0.34556,2.6571,-0.076772,1.3038,1.4422,2,0.6,1.2,0.8,45,0,0,0,0,0
4.7,1.5,135,-1.6,2.1,90,0.30893,4.9336,2.2219,2.6401,6.3285,6.9,0.91304,6.3,0.6,45,0,0,0,0,2
1.2,0.2,-135,-1.2,0.2,180,0.16515,1.2166,2.9764,1.2166,2.4,2.4,1,2.4,0,315,0,0,0,0,0
4.4,-1,-135,2.8,0.7,-135,-0.22348,4.5122,0.24498,2.8862,2.3345,3.3,0.48485,1.6,1.7,0,0,0,0,0,0
2.1,-0.5,180,5.5,-2,90,-0.23374,2.1587,-0.34877,5.8523,3.7162,4.9,0.69388,3.4,1.5,90,1,1,1,0,0
3.4,1.3,0,4.6,-1,0,0.3652,3.6401,-0.21406,4.7074,2.5942,3.5,0.34286,1.2,2.3,0,1,1,1,1,1
0.4,-1.9,45,1.3,-1.4,-135,-1.3633,1.9416,-0.82242,1.9105,1.0296,1.4,0.64286,0.9,0.5,180,0,0,0,0,0
-6,3.4,180,5.7,2.5,0,2.626,6.8964,0.41333,6.2241,11.735,12.6,0.92857,11.7,0.9,180,0,0,0,0,3
-3.6,3.4,-45,1.6,3.4,0,2.3848,4.9518,1.131,3.7577,5.2,5.2,1,5.2,0,45,2,2,2,0,2
-0.7,-1.5,90,3.4,0.9,180,-2.0074,1.6553,0.25877,3.5171,4.7508,6.5,0.63077,4.1,2.4,90,0,0,0,1,0
0.7,-1.1,90,4.8,2.8,90,-1.0041,1.3038,0.52807,5.557,5.6586,8,0.5125,4.1,3.9,0,3,3,3,1,0
-1.4,3.5,-90,-3.3,3.4,-45,1.9513,3.7696,2.3413,4.7381,1.9026,2,0.95,1.9,0.1,45,0,0,0,0,0
1.8,2.1,45,-4.8,1,90,0.86217,2.7659,2.9362,4.9031,6.691,7.7,0.85714,6.6,1.1,45,0,0,0,0,2
1,2.1,0,4,2.1,90,1.1264,2.3259,0.48345,4.5177,3,3,1,3,0,90,1,1,1,0,1
3.2,0.9,45,-0.9,-0.7,180,0.27417,3.3242,-2.4805,1.1402,4.4011,5.7,0.7193,4.1,1.6,135,0,0,0,0,1
-3.9,2.2,45,2.7,-0.1,180,2.628,4.4777,-0.03702,2.7019,6.9893,8.9,0.74157,6.6,2.3,135,0,0,0,1,2
0,-0.4,45,5.3,-3.1,-45,-1.5708,0.4,-0.52925,6.14,5.9481,8,0.6625,5.3,2.7,90,0,0,0,0,0
-1.4,2.3,-45,-2.5,2.2,0,2.1176,2.6926,2.4199,3.3302,1.1045,1.2,0.91667,1.1,0.1,45,0,0,0,0,0
5.8,-2.7,180,-2.3,-1.1,135,-0.43568,6.3977,-2.6955,2.5495,8.2565,9.7,0.83505,8.1,1.6,45,0,0,0,0,2
5.3,0.1,180,0.6,2.5,180,0.018866,5.3009,1.3353,2.571,5.2773,7.1,0.66197,4.7,2.4,0,1,1,1,0,0
4.8,1.5,135,0.6,3.5,135,0.30288,5.0289,1.401,3.5511,4.6519,6.2,0.67742,4.2,2,0,0,0,0,0,1
-0.7,-1.8,180,1.7,-0.1,0,-1.9417,1.9313,-0.058756,1.7029,2.9411,4.1,0.58537,2.4,1.7,180,0,0,0,0,0
3,0.2,45,1.2,-1,45,0.066568,3.0067,-0.69474,1.562,2.1633,3,0.6,1.8,1.2,0,0,0,0,0,0
5,-0.8,-135,-4.1,-3.2,180,-0.15866,5.0636,-2.4789,5.201,9.4112,11.5,0.7913,9.1,2.4,315,2,2,2,1,0
-1.5,2.1,90,-1,2.9,-90,2.191,2.5807,1.9029,3.0676,0.9434,1.3,0.38462,0.5,0.8,180,0,0,0,0,0
-4.6,1.2,-90,-1.6,1.5,-45,2.8864,4.7539,2.3884,2.1932,3.015,3.3,0.90909,3,0.3,45,0,0,0,0,1
0.3,3.4,135,-5.1,-0.4,-45,1.4828,3.4132,-3.0633,5.1157,6.603,9.2,0.58696,5.4,3.8,180,1,1,1,1,2
-1.9,3.1,180,-3.2,3.3,135,2.1206,3.6359,2.3408,4.5967,1.3153,1.5,0.86667,1.3,0.2,45,0,0,0,0,0
4.2,0.5,-135,6,1.6,-135,0.11849,4.2297,0.2606,6.2097,2.1095,2.9,0.62069,1.8,1.1,0,0,0,0,1,0
-3.8,-3,-45,5,1.1,-45,-2.4733,4.8415,0.21655,5.1196,9.7082,12.9,0.68217,8.8,4.1,0,0,0,0,1,2
-3.5,-0.6,135,3.5,0.1,45,-2.9718,3.5511,0.028564,3.5014,7.0349,7.7,0.90909,7,0.7,90,0,0,0,1,0
0.4,-2.3,0,-4.4,2.7,45,-1.3986,2.3345,2.5912,5.1624,6.9311,9.8,0.4898,4.8,5,45,1,1,1,1,1
-5,3.5,0,0.6,-3.1,0,2.5309,6.1033,-1.3796,3.1575,8.6556,12.2,0.45902,5.6,6.6,0,4,4,4,2,2
-3.1,0.1,-135,-5.4,-0.2,-45,3.1093,3.1016,-3.1046,5.4037,2.3195,2.6,0.88462,2.3,0.3,90,0,0,0,0,1
1.6,2.7,45,2.1,-1.3,0,1.0358,3.1385,-0.55431,2.4698,4.0311,4.5,0.11111,0.5,4,45,0,0,0,0,0
-4.7,1.1,45,3.9,-2.2,0,2.9117,4.827,-0.51361,4.4777,9.2114,11.9,0.72269,8.6,3.3,45,1,1,1,1,3
1.3,-0.2,90,5,-2.5,-135,-0.15265,1.3153,-0.46365,5.5902,4.3566,6,0.61667,3.7,2.3,225,1,1,1,0,0
4.7,-2.9,-135,-4.3,2.9,-90,-0.55284,5.5227,2.5482,5.1865,10.707,14.8,0.60811,9,5.8,45,2,2,2,1,2
-0.1,3.3,135,-2.4,-3,45,1.6011,3.3015,-2.2455,3.8419,6.7067,8.6,0.26744,2.3,6.3,90,0,0,0,2,0
-2.3,0.9,-90,3.4,3.3,90,2.7686,2.4698,0.77047,4.7381,6.1847,8.1,0.7037,5.7,2.4,180,0,0,0,0,1
3.2,-2.4,45,-0.2,1.4,135,-0.6435,4,1.7127,1.4142,5.099,7.2,0.47222,3.4,3.8,90,2,2,2,2,0
5.5,-0.7,180,0.6,-3.5,0,-0.12659,5.5444,-1.401,3.5511,5.6436,7.7,0.63636,4.9,2.8,180,1,1,1,1,0
1.8,2.7,180,4.6,-3.5,-45,0.98279,3.245,-0.65042,5.7801,6.8029,9,0.31111,2.8,6.2,225,2,2,2,0,1
-0.2,0.3,180,5.9,2.5,-90,2.1588,0.36056,0.40079,6.4078,6.4846,8.3,0.73494,6.1,2.2,270,1,1,1,1,0
-0.7,0.3,-45,-5.8,-0.2,-135,2.7367,0.76158,-3.1071,5.8034,5.1245,5.6,0.91071,5.1,0.5,90,0,0,0,0,1
-3.8,-0.4,135,-1.8,2.4,-90,-3.0367,3.821,2.2143,3,3.4409,4.8,0.41667,2,2.8,225,2,2,2,1,0
-0.7,-2.2,-90,0.4,-2,-45,-1.8788,2.3087,-1.3734,2.0396,1.118,1.3,0.84615,1.1,0.2,45,0,0,0,0,0
-0.1,-1.8,135,3,2.2,45,-1.6263,1.8028,0.63275,3.7202,5.0606,7.1,0.43662,3.1,4,90,0,0,0,1,0
4.4,-1.5,90,5.7,-1.8,45,-0.32855,4.6487,-0.30588,5.9775,1.3342,1.6,0.8125,1.3,0.3,45,0,0,0,0,1
2.6,0.2,-135,2.4,3.5,135,0.076772,2.6077,0.96972,4.2438,3.3061,3.5,0.057143,0.2,3.3,270,1,1,1,1,0
1.5,0.4,45,-2.7,3.1,45,0.2606,1.5524,2.2873,4.111,4.993,6.9,0.6087,4.2,2.7,0,0,0,0,0,2
-5,-0.6,180,5.5,0.4,-135,-3.0222,5.0359,0.072599,5.5145,10.548,11.5,0.91304,10.5,1,315,0,0,0,0,0
-4.7,2.9,135,4.9,2.9,90,2.5888,5.5227,0.5344,5.6939,9.6,9.6,1,9.6,0,45,3,3,3,0,3
0.9,-1.4,135,-0.5,1,-135,-0.99946,1.6643,2.0344,1.118,2.7785,3.8,0.36842,1.4,2.4,270,1,1,1,1,0
-0.5,1.1,90,2.8,2,-45,1.9974,1.2083,0.62025,3.4409,3.4205,4.2,0.78571,3.3,0.9,135,0,0,0,0,1
0.5,-1.5,-90,0.7,0.5,-45,-1.249,1.5811,0.62025,0.86023,2.01,2.2,0.090909,0.2,2,45,1,1,1,1,0
-5.6,-1.7,-135,6,-2.2,90,-2.8469,5.8523,-0.35144,6.3906,11.611,12.1,0.95868,11.6,0.5,225,0,0,0,0,2
1,-1,0,-1.3,2.9,-135,-0.7854,1.4142,1.9922,3.178,4.5277,6.2,0.37097,2.3,3.9,135,1,1,1,1,0
1.6,2.2,-135,4.6,0.1,135,0.942,2.7203,0.021736,4.6011,3.662,5.1,0.58824,3,2.1,270,1,1,1,0,1
-0.2,0.3,-90,4.8,3.5,-90,2.1588,0.36056,0.63003,5.9405,5.9363,8.2,0.60976,5,3.2,0,1,1,1,1,0
-4.1,0.6,0,-1.4,-0.9,-90,2.9963,4.1437,-2.5703,1.6643,3.0887,4.2,0.64286,2.7,1.5,90,0,0,0,0,1
3.1,-1.9,90,2.8,-2.1,-135,-0.54985,3.6359,-0.6435,3.5,0.36056,0.5,0.6,0.3,0.2,225,0,0,0,0,0
3.6,-2.8,180,5,1.6,-90,-0.66104,4.5607,0.3097,5.2498,4.6174,5.8,0.24138,1.4,4.4,270,1,1,1,2,0
-2.5,1,-45,4.9,-1.3,-90,2.7611,2.6926,-0.25933,5.0695,7.7492,9.7,0.76289,7.4,2.3,45,2,2,2,1,2
0.1,3.4,45,-5.1,-2.7,-90,1.5414,3.4015,-2.6547,5.7706,8.0156,11.3,0.46018,5.2,6.1,135,3,3,3,1,1
-3.2,-2.8,180,-5.6,2.8,180,-2.4228,4.2521,2.6779,6.261,6.0926,8,0.3,2.4,5.6,0,3,3,3,1,0
-3.7,-2.2,-90,0.9,1.4,-45,-2.6052,4.3046,0.99946,1.6643,5.8412,8.2,0.56098,4.6,3.6,45,2,2,2,1,1
3.7,-3.5,135,-5.9,3.1,-135,-0.75763,5.0931,2.6578,6.6648,11.65,16.2,0.59259,9.6,6.6,270,1,1,1,2,2
-5.2,2.4,-135,-3.7,-0.6,135,2.7092,5.7271,-2.9808,3.7483,3.3541,4.5,0.33333,1.5,3,270,1,1,1,1,0
-3.7,-0.1,180,-5.8,2.2,90,-3.1146,3.7014,2.779,6.2032,3.1145,4.4,0.47727,2.1,2.3,90,0,0,0,1,0
5.7,-0.2,45,3.5,2.2,45,-0.035073,5.7035,0.56116,4.134,3.2558,4.6,0.47826,2.2,2.4,0,1,1,1,0,0
0.9,2.9,180,-3.7,-1,-45,1.2699,3.0364,-2.8776,3.8328,6.0308,8.5,0.54118,4.6,3.9,225,1,1,1,1,2
1,-0.6,135,5.5,2.9,90,-0.54042,1.1662,0.48523,6.2177,5.7009,8,0.5625,4.5,3.5,45,1,1,1,1,0
5.4,0.3,90,3.3,-1.5,-90,0.055499,5.4083,-0.42663,3.6249,2.7659,3.9,0.53846,2.1,1.8,180,1,1,1,1,0
-4.8,1.4,-135,3.8,-2.4,-45,2.8578,5,-0.56332,4.4944,9.4021,12.4,0.69355,8.6,3.8,90,1,1,1,1,3
4.6,-3,-90,-0.9,-0.3,-45,-0.5779,5.4918,-2.8198,0.94868,6.127,8.2,0.67073,5.5,2.7,45,0,0,0,1,2
4.7,0.1,-45,-2.4,-1.8,-90,0.021273,4.7011,-2.4981,3,7.3498,9,0.78889,7.1,1.9,45,0,0,0,1,0
-3.5,-0.1,-135,2.2,-3.5,90,-3.113,3.5014,-1.0096,4.134,6.637,9.1,0.62637,5.7,3.4,225,1,1,1,1,0
-4,2.5,90,4.3,0.8,90,2.583,4.717,0.18394,4.3738,8.4723,10,0.83,8.3,1.7,0,1,1,1,1,3
1.8,0.8,135,4.5,1.1,-135,0.41822,1.9698,0.23974,4.6325,2.7166,3,0.9,2.7,0.3,270,1,1,1,0,1
-3.9,-2.7,-45,4.8,1.1,-45,-2.536,4.7434,0.22528,4.9244,9.4937,12.5,0.696,8.7,3.8,0,0,0,0,1,2
-4.6,0.8,-90,4.2,1.3,-90,2.9694,4.669,0.30017,4.3966,8.8142,9.3,0.94624,8.8,0.5,0,0,0,0,0,3
-1.6,-2.4,90,-0.2,2.5,180,-2.1588,2.8844,1.6506,2.508,5.0961,6.3,0.22222,1.4,4.9,90,1,1,1,0,0
-1.2,-0.7,135,-0.1,-3.3,135,-2.6135,1.3892,-1.6011,3.3015,2.8231,3.7,0.2973,1.1,2.6,0,1,1,1,1,0
-5,0.2,90,-5.3,1.3,0,3.1016,5.004,2.9011,5.4571,1.1402,1.4,0.21429,0.3,1.1,90,0,0,0,0,0
2.2,2.7,-90,-0.5,0.5,90,0.88709,3.4828,2.3562,0.70711,3.4828,4.9,0.55102,2.7,2.2,180,1,1,1,0,1
0.6,1.1,0,1.2,1.4,90,1.0714,1.253,0.86217,1.8439,0.67082,0.9,0.66667,0.6,0.3,90,0,0,0,0,0
5.9,2,90,-4.7,2.8,45,0.32683,6.2298,2.6043,5.4708,10.63,11.4,0.92982,10.6,0.8,45,0,0,0,0,3
-3.5,-2.7,45,-1.9,-1.7,180,-2.4845,4.4204,-2.4117,2.5495,1.8868,2.6,0.61538,1.6,1,135,0,0,0,1,0
5.1,0.2,180,-2.9,-3.1,135,0.039196,5.1039,-2.3229,4.245,8.6539,11.3,0.70796,8,3.3,45,1,1,1,1,0
2,2.8,-45,1,-1.3,45,0.95055,3.4409,-0.9151,1.6401,4.2202,5.1,0.19608,1,4.1,90,0,0,0,0,0
2.9,-2.8,135,-0.8,2.1,-135,-0.76786,4.0311,1.9348,2.2472,6.14,8.6,0.43023,3.7,4.9,270,2,2,2,2,2
-1.5,1,-45,-1,0,180,2.5536,1.8028,3.1416,1,1.118,1.5,0.33333,0.5,1,225,0,0,0,0,0
-0.3,-3,-90,-5.4,-0.4,-45,-1.6705,3.015,-3.0677,5.4148,5.7245,7.7,0.66234,5.1,2.6,45,1,1,1,1,0
-4.8,-0.6,-135,-2.9,-2.4,0,-3.0172,4.8374,-2.4503,3.7643,2.6173,3.7,0.51351,1.9,1.8,135,2,2,2,1,0
4.6,1.5,90,-3.1,-1.7,-45,0.31521,4.8384,-2.64,3.5355,8.3385,10.9,0.70642,7.7,3.2,135,1,1,1,0,2
-0.7,-2.8,-45,2.5,1.3,135,-1.8158,2.8862,0.47952,2.8178,5.201,7.3,0.43836,3.2,4.1,180,1,1,1,2,1
2,2.2,0,1.9,2.2,135,0.83298,2.9732,0.85844,2.9069,0.1,0.1,1,0.1,0,135,0,0,0,0,0
2.8,1,-45,-4.6,1.5,135,0.34302,2.9732,2.8264,4.8384,7.4169,7.9,0.93671,7.4,0.5,180,0,0,0,0,2
-2.6,2.8,-45,-4.5,0.5,180,2.3192,3.821,3.0309,4.5277,2.9833,4.2,0.45238,1.9,2.3,225,1,1,1,0,1
1.1,0.9,-45,-5.1,3.5,-135,0.68573,1.4213,2.5401,6.1855,6.7231,8.8,0.70455,6.2,2.6,90,0,0,0,0,2
-1.6,-0.6,0,2.8,-0.3,90,-2.7828,1.7088,-0.10674,2.816,4.4102,4.7,0.93617,4.4,0.3,90,0,0,0,0,0
3.6,1,180,0.7,0,45,0.27095,3.7363,0,0.7,3.0676,3.9,0.74359,2.9,1,135,1,1,1,1,0
-5.2,-0.1,0,4,-1.6,-45,-3.1224,5.201,-0.38051,4.3081,9.3215,10.7,0.85981,9.2,1.5,45,0,0,0,0,0
6,-2.9,180,-4.8,1.1,45,-0.45023,6.6641,2.9163,4.9244,11.517,14.8,0.72973,10.8,4,135,1,1,1,1,2
3.3,1,-90,-2.9,-0.7,-45,0.29423,3.4482,-2.9047,2.9833,6.4288,7.9,0.78481,6.2,1.7,45,1,1,1,1,1
-6,3.2,180,-5.4,-1.4,-90,2.6516,6.8,-2.8879,5.5785,4.639,5.2,0.11538,0.6,4.6,270,0,0,0,0,0
4.7,-0.2,135,1.9,0.7,-45,-0.042528,4.7043,0.35299,2.0248,2.9411,3.7,0.75676,2.8,0.9,180,0,0,0,0,0
4.4,0.7,135,-2.7,2.1,-135,0.15777,4.4553,2.4805,3.4205,7.2367,8.5,0.83529,7.1,1.4,270,1,1,1,1,2
2.4,0.6,45,2.5,3.3,-90,0.24498,2.4739,0.92246,4.14,2.7019,2.8,0.035714,0.1,2.7,135,0,0,0,0,0
4.7,-2,-135,-4.5,1.9,-45,-0.40232,5.1078,2.7421,4.8847,9.9925,13.1,0.70229,9.2,3.9,90,0,0,0,1,2
-0.4,1.2,0,0.3,0.7,45,1.8925,1.2649,1.1659,0.76158,0.86023,1.2,0.58333,0.7,0.5,45,0,0,0,0,1
-1.6,-2.4,90,-5.5,-0.4,-90,-2.1588,2.8844,-3.069,5.5145,4.3829,5.9,0.66102,3.9,2,180,0,0,0,0,1
-5,1.9,-135,-4.8,-2.5,-135,2.7784,5.3488,-2.6614,5.412,4.4045,4.6,0.043478,0.2,4.4,0,1,1,1,1,0
6,-2,-135,-0.4,-2.1,-135,-0.32175,6.3246,-1.759,2.1378,6.4008,6.5,0.98462,6.4,0.1,0,0,0,0,0,1
4.5,-2.3,-45,2.5,1.4,135,-0.4725,5.0537,0.51049,2.8653,4.2059,5.7,0.35088,2,3.7,180,2,2,2,1,0
-6,1.6,180,1.2,3.2,90,2.881,6.2097,1.212,3.4176,7.3756,8.8,0.81818,7.2,1.6,90,1,1,1,0,2
2.2,-1.7,45,-3.6,1,-135,-0.65789,2.7803,2.8706,3.7363,6.3977,8.5,0.68235,5.8,2.7,180,0,0,0,0,1
1.9,-2.4,180,1.4,2.8,90,-0.90116,3.061,1.1071,3.1305,5.224,5.7,0.087719,0.5,5.2,90,0,0,0,0,0
-1.1,0.9,0,2.4,-2,-90,2.4559,1.4213,-0.69474,3.1241,4.5453,6.4,0.54688,3.5,2.9,90,1,1,1,0,1
-0.3,-1.8,180,-2.2,1.3,-135,-1.7359,1.8248,2.6079,2.5554,3.6359,5,0.38,1.9,3.1,315,0,0,0,1,0
-1.4,-1.7,45,3.7,-1.3,90,-2.2597,2.2023,-0.33788,3.9217,5.1157,5.5,0.92727,5.1,0.4,45,0,0,0,0,0
-0.6,2.4,180,-3.9,-3.4,-90,1.8158,2.4739,-2.4246,5.174,6.6731,9.1,0.36264,3.3,5.8,270,0,0,0,2,1
-5.7,-0.7,-135,-3.1,2.3,-135,-3.0194,5.7428,2.5033,3.8601,3.9699,5.6,0.46429,2.6,3,0,1,1,1,0,0
-0.9,-2.8,-90,1.1,-0.5,-90,-1.8818,2.9411,-0.42663,1.2083,3.048,4.3,0.46512,2,2.3,0,1,1,1,1,1
-4.8,-2.2,90,4.5,-2.9,-135,-2.7118,5.2802,-0.57246,5.3535,9.3263,10,0.93,9.3,0.7,225,1,1,1,0,1
-5.5,-1,-45,3.9,3.1,-90,-2.9617,5.5902,0.67161,4.982,10.255,13.5,0.6963,9.4,4.1,45,0,0,0,0,0
0.7,2.7,-135,1.1,-0.8,-135,1.3171,2.7893,-0.6288,1.3601,3.5228,3.9,0.10256,0.4,3.5,0,1,1,1,1,0
1.3,0.7,0,-6,0.6,-135,0.49394,1.4765,3.0419,6.0299,7.3007,7.4,0.98649,7.3,0.1,135,0,0,0,0,2
2.9,-1.7,-45,5.4,-1.8,-45,-0.53022,3.3615,-0.32175,5.6921,2.502,2.6,0.96154,2.5,0.1,0,0,0,0,0,1
-2.9,-1,0,3.5,1.1,45,-2.8095,3.0676,0.30451,3.6688,6.7357,8.5,0.75294,6.4,2.1,45,1,1,1,1,0
2.7,2.8,-90,-1.2,-0.9,0,0.80358,3.8897,-2.4981,1.5,5.3759,7.6,0.51316,3.9,3.7,90,1,1,1,1,1
2.6,2.8,-90,4.5,-0.1,180,0.82242,3.821,-0.022219,4.5011,3.467,4.8,0.39583,1.9,2.9,270,2,2,2,1,1
0,-0.4,45,2.1,-0.7,0,-1.5708,0.4,-0.32175,2.2136,2.1213,2.4,0.875,2.1,0.3,45,0,0,0,0,0
4.8,-1.6,45,-3.1,-1.2,-90,-0.32175,5.0596,-2.7723,3.3242,7.9101,8.3,0.95181,7.9,0.4,135,0,0,0,0,1
3.4,0.4,-90,-4,-1.7,135,0.11711,3.4234,-2.7397,4.3463,7.6922,9.5,0.77895,7.4,2.1,225,0,0,0,1,2
-0.1,-2.3,180,4.4,1.9,90,-1.6142,2.3022,0.40763,4.7927,6.1555,8.7,0.51724,4.5,4.2,90,1,1,1,1,0
3.2,2.6,-135,-2.1,-1.8,-135,0.68232,4.1231,-2.433,2.7659,6.8884,9.7,0.54639,5.3,4.4,0,1,1,1,2,1
2,-1.9,-90,-2.1,3.3,0,-0.75976,2.7586,2.1375,3.9115,6.6219,9.3,0.44086,4.1,5.2,90,1,1,1,0,0
5.8,-2.4,45,-1.2,3,-45,-0.39234,6.2769,1.9513,3.2311,8.8408,12.4,0.56452,7,5.4,90,3,3,3,1,1
-4.6,-3.4,135,3.2,-1.6,0,-2.5051,5.7201,-0.46365,3.5777,8.005,9.6,0.8125,7.8,1.8,135,1,1,1,0,2
4.5,-1.3,-90,-4.1,-2,0,-0.28123,4.684,-2.6877,4.5618,8.6284,9.3,0.92473,8.6,0.7,90,0,0,0,0,0
0.8,0.4,180,2.3,-1.8,135,0.46365,0.89443,-0.66405,2.9206,2.6627,3.7,0.40541,1.5,2.2,45,0,0,0,0,1
-4.6,2.3,0,1.7,-1.8,90,2.6779,5.143,-0.81396,2.4759,7.5166,10.4,0.60577,6.3,4.1,90,2,2,2,2,2
5.7,2.2,-135,3.9,-1.8,-135,0.36835,6.1098,-0.43241,4.2953,4.3863,5.8,0.31034,1.8,4,0,1,1,1,1,0
4.1,-3.4,90,-1.5,-0.5,-135,-0.69233,5.3263,-2.8198,1.5811,6.3063,8.5,0.65882,5.6,2.9,225,0,0,0,1,2
-5.3,-0.9,-45,-4.7,2.3,-90,-2.9734,5.3759,2.6865,5.2326,3.2558,3.8,0.15789,0.6,3.2,45,1,1,1,1,0
-2.7,-0.1,135,4.3,0.8,45,-3.1046,2.7019,0.18394,4.3738,7.0576,7.9,0.88608,7,0.9,90,0,0,0,1,0
-1.1,-0.2,180,2.6,-2.2,180,-2.9617,1.118,-0.70226,3.4059,4.2059,5.7,0.64912,3.7,2,0,0,0,0,0,0
1.5,-3.3,90,0.9,2.2,-45,-1.1442,3.6249,1.1825,2.377,5.5326,6.1,0.098361,0.6,5.5,135,0,0,0,0,0
5.1,0.8,0,2.9,3.4,0,0.15559,5.1624,0.8646,4.4688,3.4059,4.8,0.45833,2.2,2.6,0,1,1,1,0,0
-1,0.6,-135,3.1,-2.5,-135,2.6012,1.1662,-0.67866,3.9825,5.14,7.2,0.56944,4.1,3.1,0,1,1,1,0,2
2.6,-1.4,-45,0.7,2.5,90,-0.49394,2.953,1.2978,2.5962,4.3382,5.8,0.32759,1.9,3.9,135,0,0,0,2,0
5.7,-0.5,45,3.6,-1.9,90,-0.087495,5.7219,-0.48562,4.0706,2.5239,3.5,0.6,2.1,1.4,45,1,1,1,1,0
-0.8,-2.6,-135,2.1,-0.6,135,-1.8693,2.7203,-0.2783,2.184,3.5228,4.9,0.59184,2.9,2,270,0,0,0,0,1
1.6,-1.4,-45,0.4,-1.3,180,-0.71883,2.126,-1.2723,1.3601,1.2042,1.3,0.92308,1.2,0.1,225,0,0,0,0,0
4.9,1.9,45,2.2,-0.5,-135,0.36991,5.2555,-0.22348,2.2561,3.6125,5.1,0.52941,2.7,2.4,180,1,1,1,0,1
4.5,-3.3,-90,5.5,-1.2,135,-0.63275,5.5803,-0.21482,5.6294,2.3259,3.1,0.32258,1,2.1,225,0,0,0,1,0
-4.3,-1.6,-90,1.5,-2.8,0,-2.7854,4.588,-1.079,3.1765,5.9228,7,0.82857,5.8,1.2,90,1,1,1,0,1
-3.6,3.5,90,3.9,1.2,-45,2.3703,5.021,0.2985,4.0804,7.8447,9.8,0.76531,7.5,2.3,135,0,0,0,1,3
1.5,-0.4,45,-3.8,-3.2,-135,-0.2606,1.5524,-2.4417,4.9679,5.9942,8.1,0.65432,5.3,2.8,180,0,0,0,0,0
3.3,-2.5,45,3,-2.1,135,-0.64833,4.14,-0.61073,3.662,0.5,0.7,0.42857,0.3,0.4,90,0,0,0,0,0
-3.1,2.7,180,-3.4,0,180,2.4251,4.111,3.1416,3.4,2.7166,3,0.1,0.3,2.7,0,0,0,0,1,0
-1.6,-3.3,90,-1,-1.6,135,-2.0222,3.6674,-2.1294,1.8868,1.8028,2.3,0.26087,0.6,1.7,45,1,1,1,1,0
-1.9,-2.7,-45,3.5,-0.6,135,-2.184,3.3015,-0.16978,3.5511,5.794,7.5,0.72,5.4,2.1,180,1,1,1,1,2
-0.5,-1.8,45,-1.2,0.7,-45,-1.8417,1.8682,2.6135,1.3892,2.5962,3.2,0.21875,0.7,2.5,90,0,0,0,1,0
-4,1.8,135,-5.5,-3.2,-90,2.7187,4.3863,-2.6146,6.3632,5.2202,6.5,0.23077,1.5,5,225,1,1,1,1,0
3,2.8,180,-3.6,2.7,0,0.75093,4.1037,2.4981,4.5,6.6008,6.7,0.98507,6.6,0.1,180,0,0,0,0,2
-4.9,-2,135,-5.5,2.5,-45,-2.7541,5.2924,2.715,6.0415,4.5398,5.1,0.11765,0.6,4.5,180,2,2,2,2,0
4.7,1.2,-45,1.7,-2.9,-135,0.24998,4.8508,-1.0406,3.3615,5.0804,7.1,0.42254,3,4.1,90,1,1,1,1,1
-5.1,2.3,90,-3,-2.3,-45,2.7179,5.5946,-2.4875,3.7802,5.0567,6.7,0.31343,2.1,4.6,135,1,1,1,2,1
3.4,3.2,180,-1,-3.5,-90,0.7551,4.669,-1.8491,3.6401,8.0156,11.1,0.3964,4.4,6.7,270,1,1,1,2,1
4.2,2.7,90,-4,0.6,-90,0.57134,4.993,2.9927,4.0447,8.4646,10.3,0.79612,8.2,2.1,180,0,0,0,1,3
-0.6,-0.8,0,4.7,1.5,-45,-2.2143,1,0.30893,4.9336,5.7775,7.6,0.69737,5.3,2.3,45,1,1,1,1,0
1.3,3.1,-45,-1.9,1.8,45,1.1737,3.3615,2.3832,2.6173,3.454,4.5,0.71111,3.2,1.3,90,0,0,0,0,1
-1.8,-0.4,45,-3.6,-2,-135,-2.9229,1.8439,-2.6345,4.1183,2.4083,3.4,0.52941,1.8,1.6,180,1,1,1,0,0
3.1,-2.4,-45,3.6,3.3,-90,-0.65881,3.9205,0.74195,4.8836,5.7219,6.2,0.080645,0.5,5.7,45,3,3,3,2,0
1.1,-1.4,180,-5.8,-0.1,0,-0.90483,1.7804,-3.1244,5.8009,7.0214,8.2,0.84146,6.9,1.3,180,0,0,0,0,0
1.3,1.3,0,-5.6,-3.1,0,0.7854,1.8385,-2.636,6.4008,8.1835,11.3,0.61062,6.9,4.4,0,1,1,1,0,2
4.2,3.1,180,0.4,-2.3,90,0.63584,5.2202,-1.3986,2.3345,6.603,9.2,0.41304,3.8,5.4,90,2,2,2,2,1
-0.5,3.2,90,5.2,-1.1,-45,1.7258,3.2388,-0.20847,5.3151,7.14,10,0.57,5.7,4.3,135,0,0,0,1,2
4.6,0.7,90,1.2,2.7,135,0.15102,4.653,1.1526,2.9547,3.9446,5.4,0.62963,3.4,2,45,1,1,1,0,1
-0.1,3.2,180,1.2,-3.2,180,1.602,3.2016,-1.212,3.4176,6.5307,7.7,0.16883,1.3,6.4,0,3,3,3,2,1
1.5,-0.7,180,1.7,-1,135,-0.43663,1.6553,-0.53172,1.9723,0.36056,0.5,0.4,0.2,0.3,45,0,0,0,0,0
0.8,-3.3,135,5.1,1,-45,-1.333,3.3956,0.19362,5.1971,6.0811,8.6,0.5,4.3,4.3,180,1,1,1,2,1
2.7,-1.5,-90,-3.4,2.3,90,-0.5071,3.0887,2.5468,4.1049,7.1868,9.9,0.61616,6.1,3.8,180,1,1,1,2,0
0.6,-3.3,135,4.7,-3.2,-135,-1.3909,3.3541,-0.59776,5.6859,4.1012,4.2,0.97619,4.1,0.1,270,0,0,0,0,1
3.4,2.6,0,-5.5,2.1,45,0.65285,4.2802,2.7769,5.8873,8.914,9.4,0.94681,8.9,0.5,45,0,0,0,0,2
-0.6,-0.5,-45,3.8,-3.2,-135,-2.4469,0.78102,-0.69989,4.9679,5.1624,7.1,0.61972,4.4,2.7,90,0,0,0,1,0
5,-2.9,45,-5.7,-1.4,-135,-0.52558,5.7801,-2.9007,5.8694,10.805,12.2,0.87705,10.7,1.5,180,1,1,1,0,2
-5,-2.6,135,-1,-1.6,-135,-2.6621,5.6356,-2.1294,1.8868,4.1231,5,0.8,4,1,270,0,0,0,0,0
6,-1.8,45,1.1,2.9,-135,-0.29146,6.2642,1.2083,3.1016,6.7897,9.6,0.51042,4.9,4.7,180,2,2,2,1,1
2.8,-2,-45,-3.7,0.7,180,-0.62025,3.4409,2.9546,3.7656,7.0385,9.2,0.70652,6.5,2.7,225,1,1,1,1,1
0.7,2.6,-45,3.6,0,45,1.3078,2.6926,0,3.6,3.8949,5.5,0.52727,2.9,2.6,90,1,1,1,1,0
-4.3,1.9,-90,-3.5,1.7,135,2.7255,4.7011,2.6894,3.891,0.82462,1,0.8,0.8,0.2,225,0,0,0,0,0
4.1,-1.1,-45,-3.9,-2.8,45,-0.26212,4.245,-2.5189,4.801,8.1786,9.7,0.82474,8,1.7,90,0,0,0,0,0
2.7,-0.8,-90,1.4,2.7,90,-0.28806,2.816,1.0924,3.0414,3.7336,4.8,0.27083,1.3,3.5,180,0,0,0,1,0
-1,0.7,135,5.3,0.2,-45,2.5309,1.2207,0.037718,5.3038,6.3198,6.8,0.92647,6.3,0.5,180,0,0,0,0,2
-2.7,0.2,0,2,-3.5,135,3.0677,2.7074,-1.0517,4.0311,5.9816,8.4,0.55952,4.7,3.7,135,1,1,1,0,0
-2.2,-1.2,-135,-3.4,-2.4,0,-2.6422,2.506,-2.5269,4.1617,1.6971,2.4,0.5,1.2,1.2,135,0,0,0,0,0
1,2.5,-45,5,-1.7,-135,1.1903,2.6926,-0.32774,5.2811,5.8,8.2,0.4878,4,4.2,90,2,2,2,1,1
2.3,-1.7,135,-1.4,-3.3,135,-0.63651,2.8601,-1.972,3.5847,4.0311,5.3,0.69811,3.7,1.6,0,1,1,1,0,0
4.4,3.1,-45,-5.6,1.3,90,0.61377,5.3824,2.9135,5.7489,10.161,11.8,0.84746,10,1.8,135,0,0,0,0,3
-3.5,-0.8,135,-3.3,-3.3,0,-2.9169,3.5903,-2.3562,4.6669,2.508,2.7,0.074074,0.2,2.5,135,1,1,1,1,0
0.1,1.3,45,4.9,0,90,1.494,1.3038,0,4.9,4.9729,6.1,0.78689,4.8,1.3,45,0,0,0,1,1
-0.9,-1.6,-90,4.5,-0.1,0,-2.0832,1.8358,-0.022219,4.5011,5.6045,6.9,0.78261,5.4,1.5,90,0,0,0,0,0
-3.1,-3.4,45,1,-1.6,-135,-2.3101,4.6011,-1.0122,1.8868,4.4777,5.9,0.69492,4.1,1.8,180,1,1,1,0,1
3.1,3.1,-45,0.7,0.6,45,0.7854,4.3841,0.70863,0.92195,3.4655,4.9,0.4898,2.4,2.5,90,0,0,0,1,0
3.5,0.2,90,-6,-1.5,-45,0.057081,3.5057,-2.8966,6.1847,9.6509,11.2,0.84821,9.5,1.7,135,0,0,0,1,1
-1.4,1.2,90,-4.5,3,0,2.433,1.8439,2.5536,5.4083,3.5847,4.9,0.63265,3.1,1.8,90,0,0,0,0,1
-2.2,0.8,0,-3.5,-3.5,45,2.7928,2.3409,-2.3562,4.9497,4.4922,5.6,0.23214,1.3,4.3,45,0,0,0,0,1
-0.2,1.8,-90,4,0.5,-45,1.6815,1.8111,0.12435,4.0311,4.3966,5.5,0.76364,4.2,1.3,45,0,0,0,0,2
-2.7,3.4,-90,-1.4,-0.9,-90,2.2419,4.3417,-2.5703,1.6643,4.4922,5.6,0.23214,1.3,4.3,0,0,0,0,1,0
-4.1,1.6,-45,-2.2,-0.9,180,2.7695,4.4011,-2.7533,2.377,3.1401,4.4,0.43182,1.9,2.5,225,2,2,2,0,1
-1.3,2.5,90,-2.9,-3.4,-135,2.0503,2.8178,-2.277,4.4688,6.1131,7.5,0.21333,1.6,5.9,225,0,0,0,1,0
-2.6,3.5,135,-2.5,1.3,-45,2.2097,4.36,2.6621,2.8178,2.2023,2.3,0.043478,0.1,2.2,180,0,0,0,0,0
-3.1,1.8,90,-0.9,0.4,-135,2.6155,3.5847,2.7234,0.98489,2.6077,3.6,0.61111,2.2,1.4,225,0,0,0,0,0
1.7,-2.5,-45,-3.7,1.9,180,-0.97362,3.0232,2.6672,4.1593,6.9656,9.8,0.55102,5.4,4.4,225,0,0,0,0,2
5.5,-1.2,-90,0.8,2.1,-45,-0.21482,5.6294,1.2068,2.2472,5.7428,8,0.5875,4.7,3.3,45,1,1,1,1,1
-3.8,-3.3,-90,1.9,-1.8,180,-2.4265,5.0329,-0.75838,2.6173,5.8941,7.2,0.79167,5.7,1.5,270,1,1,1,0,1
5,1.4,90,2.2,-2.1,45,0.27301,5.1923,-0.76215,3.0414,4.4822,6.3,0.44444,2.8,3.5,45,1,1,1,1,1
0.8,3.3,-135,-1.8,-0.9,45,1.333,3.3956,-2.6779,2.0125,4.9396,6.8,0.38235,2.6,4.2,180,1,1,1,1,1
-3.7,1.6,0,5.5,1.6,-90,2.7334,4.0311,0.2831,5.728,9.2,9.2,1,9.2,0,90,3,3,3,0,3
2.5,1.7,180,-3.1,-2.7,-90,0.59718,3.0232,-2.4251,4.111,7.1218,10,0.56,5.6,4.4,270,1,1,1,2,1
1.8,-2.3,180,3,-0.5,0,-0.90675,2.9206,-0.16515,3.0414,2.1633,3,0.4,1.2,1.8,180,1,1,1,0,0
-2,-1,45,-1.3,-3.4,-90,-2.6779,2.2361,-1.936,3.6401,2.5,3.1,0.22581,0.7,2.4,135,1,1,1,0,0
0.3,0.5,135,4.2,-3,180,1.0304,0.5831,-0.62025,5.1614,5.2402,7.4,0.52703,3.9,3.5,45,1,1,1,2,2
-5.8,-0.3,90,-1.5,1.5,-45,-3.0899,5.8078,2.3562,2.1213,4.6615,6.1,0.70492,4.3,1.8,135,0,0,0,0,0
-5.8,2.4,90,2.5,2.2,180,2.7493,6.2769,0.72165,3.3302,8.3024,8.5,0.97647,8.3,0.2,90,0,0,0,0,2
3.6,2.2,90,-1.9,2.9,135,0.54855,4.219,2.1508,3.467,5.5444,6.2,0.8871,5.5,0.7,45,0,0,0,0,1
-4.7,-1.2,-45,4.6,2.9,-45,-2.8916,4.8508,0.5625,5.4378,10.164,13.4,0.69403,9.3,4.1,0,0,0,0,1,0
2.3,-0.3,45,3,0.9,-135,-0.1297,2.3195,0.29146,3.1321,1.3892,1.9,0.36842,0.7,1.2,180,0,0,0,0,0
3.3,1.2,45,-0.8,-2.6,-45,0.34877,3.5114,-1.8693,2.7203,5.5902,7.9,0.51899,4.1,3.8,90,1,1,1,2,1
3.5,0.7,135,-1.2,-3.1,0,0.1974,3.5693,-1.9401,3.3242,6.044,8.5,0.55294,4.7,3.8,135,1,1,1,1,2
2.5,-2.6,-135,-1.5,2,-135,-0.805,3.6069,2.2143,2.5,6.0959,8.6,0.46512,4,4.6,0,1,1,1,2,1
5.4,-3.4,-90,-0.7,1.7,180,-0.56192,6.3812,1.9614,1.8385,7.9511,11.2,0.54464,6.1,5.1,270,3,3,3,1,2
-2.4,-2.7,180,-1.4,0.9,-90,-2.2974,3.6125,2.5703,1.6643,3.7363,4.6,0.21739,1,3.6,270,0,0,0,1,0
6,-2,135,-5.2,1.6,-90,-0.32175,6.3246,2.8431,5.4406,11.764,14.8,0.75676,11.2,3.6,225,1,1,1,1,2
0.7,-0.4,90,-0.7,-2.1,45,-0.51915,0.80623,-1.8925,2.2136,2.2023,3.1,0.45161,1.4,1.7,45,0,0,0,0,0
1.9,0.2,90,1.3,2.1,45,0.10488,1.9105,1.0165,2.4698,1.9925,2.5,0.24,0.6,1.9,45,0,0,0,0,0
5.4,3.5,135,-2.4,3.4,-135,0.57507,6.4351,2.1855,4.1617,7.8006,7.9,0.98734,7.8,0.1,270,0,0,0,0,2
-3.3,1.5,-45,-1.1,-0.6,-45,2.715,3.6249,-2.6422,1.253,3.0414,4.3,0.51163,2.2,2.1,0,0,0,0,1,0
5.8,3.4,90,-4.8,-1.8,45,0.53022,6.7231,-2.7828,5.1264,11.807,15.8,0.67089,10.6,5.2,45,2,2,2,1,3
-4,-3.2,-135,-0.3,-0.1,180,-2.4669,5.1225,-2.8198,0.31623,4.827,6.8,0.54412,3.7,3.1,315,0,0,0,1,0
5.3,1,45,-2.5,1.2,0,0.18649,5.3935,2.6941,2.7731,7.8026,8,0.975,7.8,0.2,45,0,0,0,0,2
5.5,3.3,45,-5.9,2.5,90,0.54042,6.414,2.7408,6.4078,11.428,12.2,0.93443,11.4,0.8,45,0,0,0,0,3
-3.9,-1.6,135,4.7,3.2,-135,-2.7523,4.2154,0.59776,5.6859,9.8489,13.4,0.64179,8.6,4.8,270,1,1,1,1,2
-5.4,3.2,-90,-3.5,-2.6,-90,2.6066,6.2769,-2.5027,4.36,6.1033,7.7,0.24675,1.9,5.8,0,2,2,2,2,0
-2.8,2.9,180,2.2,1.4,180,2.3387,4.0311,0.56673,2.6077,5.2202,6.5,0.76923,5,1.5,0,0,0,0,0,1
0.6,-2.2,180,-4.2,-3,-135,-1.3045,2.2804,-2.5213,5.1614,4.8662,5.6,0.85714,4.8,0.8,315,1,1,1,1,1
3.3,1.7,-45,5.7,-2.8,-135,0.4757,3.7121,-0.45661,6.3506,5.1,6.9,0.34783,2.4,4.5,90,2,2,2,2,1
1.3,-2.3,45,0,-2.6,45,-1.0563,2.642,-1.5708,2.6,1.3342,1.6,0.8125,1.3,0.3,0,0,0,0,0,0
-2.2,-2.8,45,4.7,0.1,-45,-2.2368,3.5609,0.021273,4.7011,7.4847,9.8,0.70408,6.9,2.9,90,1,1,1,0,2
-0.8,-1.3,0,2.7,-0.1,-90,-2.1225,1.5264,-0.03702,2.7019,3.7,4.7,0.74468,3.5,1.2,90,0,0,0,0,0
4.1,-1.1,-45,0,-0.4,180,-0.26212,4.245,-1.5708,0.4,4.1593,4.8,0.85417,4.1,0.7,225,0,0,0,0,0
1.5,-0.7,-45,1.3,2.1,90,-0.43663,1.6553,1.0165,2.4698,2.8071,3,0.066667,0.2,2.8,135,0,0,0,0,0
-2.8,-1.5,-135,-1.8,0.2,-45,-2.6498,3.1765,3.0309,1.8111,1.9723,2.7,0.37037,1,1.7,90,0,0,0,0,0
0.2,-1.3,0,0.3,1.2,0,-1.4181,1.3153,1.3258,1.2369,2.502,2.6,0.038462,0.1,2.5,0,1,1,1,1,0
4.7,1.5,-90,3.6,-0.1,-90,0.30893,4.9336,-0.027771,3.6014,1.9416,2.7,0.40741,1.1,1.6,0,1,1,1,0,0
-3.9,3.2,0,-2.7,-1.2,-90,2.4545,5.0448,-2.7234,2.9547,4.5607,5.6,0.21429,1.2,4.4,90,2,2,2,1,1
3.9,-2.9,90,-2.5,-1.7,180,-0.63939,4.86,-2.5444,3.0232,6.5115,7.6,0.84211,6.4,1.2,90,0,0,0,0,2
-3.9,-1.6,-90,-1.8,3.4,180,-2.7523,4.2154,2.0577,3.8471,5.4231,7.1,0.29577,2.1,5,270,1,1,1,1,1
-4.9,0.7,135,4.5,-1.7,135,2.9997,4.9497,-0.3612,4.8104,9.7015,11.8,0.79661,9.4,2.4,0,0,0,0,1,3
-5.7,2.3,180,-4.9,2.1,-90,2.7581,6.1465,2.7367,5.331,0.82462,1,0.8,0.8,0.2,270,0,0,0,0,0
-5.9,2,135,-3.5,0,45,2.8148,6.2298,3.1416,3.5,3.1241,4.4,0.54545,2.4,2,90,0,0,0,0,0
5.7,0.4,0,-2.4,-1.3,-90,0.070061,5.714,-2.6452,2.7295,8.2765,9.8,0.82653,8.1,1.7,90,0,0,0,1,1
4.7,-3.3,90,-1.8,0.8,-90,-0.61215,5.7428,2.7234,1.9698,7.6851,10.6,0.61321,6.5,4.1,180,0,0,0,1,2
-5.4,1.2,0,2.7,-3.5,90,2.9229,5.5317,-0.91372,4.4204,9.3648,12.8,0.63281,8.1,4.7,90,1,1,1,1,2
2.1,2.5,0,4.7,-3.1,180,0.87214,3.265,-0.58308,5.6303,6.1741,8.2,0.31707,2.6,5.6,180,2,2,2,0,1
5.8,-3.1,-135,-5.4,3,135,-0.49085,6.5765,2.6345,6.1774,12.753,17.3,0.6474,11.2,6.1,270,2,2,2,1,2
-3.4,-1,180,-5.1,2.9,135,-2.8555,3.544,2.6246,5.8669,4.2544,5.6,0.30357,1.7,3.9,45,1,1,1,1,0
-5,-1.7,-135,-5.9,2.4,-90,-2.8139,5.2811,2.7553,6.3695,4.1976,5,0.18,0.9,4.1,45,1,1,1,2,0
-1.7,-0.5,0,-3.7,2.9,0,-2.8555,1.772,2.4768,4.7011,3.9446,5.4,0.37037,2,3.4,0,1,1,1,0,0
2.8,-1.4,0,-5.7,1.3,0,-0.46365,3.1305,2.9174,5.8464,8.9185,11.2,0.75893,8.5,2.7,0,1,1,1,2,0
1.2,3.3,45,-0.4,2,180,1.222,3.5114,1.7682,2.0396,2.0616,2.9,0.55172,1.6,1.3,135,1,1,1,0,1
-0.6,-2.6,180,-3.1,1.4,-135,-1.7976,2.6683,2.7174,3.4015,4.717,6.5,0.38462,2.5,4,315,1,1,1,1,0
5,-2,180,5.1,-2.1,45,-0.38051,5.3852,-0.39061,5.5154,0.14142,0.2,0.5,0.1,0.1,135,0,0,0,0,0
-6,2.8,-135,2.6,-0.3,45,2.705,6.6212,-0.11488,2.6173,9.1417,11.7,0.73504,8.6,3.1,180,2,2,2,0,2
0.1,0.9,135,-0.1,2.1,-45,1.4601,0.90554,1.6184,2.1024,1.2166,1.4,0.14286,0.2,1.2,180,0,0,0,0,0
-4.3,-0.7,0,-5.1,-3.5,-90,-2.9802,4.3566,-2.5401,6.1855,2.912,3.6,0.22222,0.8,2.8,90,1,1,1,1,0
0.1,-1,0,0.4,0.4,0,-1.4711,1.005,0.7854,0.56569,1.4318,1.7,0.17647,0.3,1.4,0,0,0,0,0,0
0.8,1,135,2,-0.5,-45,0.89606,1.2806,-0.24498,2.0616,1.9209,2.7,0.44444,1.2,1.5,180,0,0,0,1,0
1.7,1.7,135,1.3,-3.1,-90,0.7854,2.4042,-1.1737,3.3615,4.8166,5.2,0.076923,0.4,4.8,225,0,0,0,0,0
-3.5,1.6,180,-1,-0.4,180,2.7128,3.8484,-2.7611,1.077,3.2016,4.5,0.55556,2.5,2,0,1,1,1,1,1
-1.9,3.3,-90,-4.7,2.4,0,2.0932,3.8079,2.6695,5.2773,2.9411,3.7,0.75676,2.8,0.9,90,0,0,0,0,1
-2.1,-3.2,135,3.8,0.8,90,-2.1516,3.8275,0.2075,3.8833,7.1281,9.9,0.59596,5.9,4,45,1,1,1,0,2
1.4,-0.5,-45,-3,1.7,-90,-0.34302,1.4866,2.626,3.4482,4.9193,6.6,0.66667,4.4,2.2,45,1,1,1,0,0
1.1,-3.5,0,0.1,3.1,0,-1.2663,3.6688,1.5385,3.1016,6.6753,7.6,0.13158,1,6.6,0,3,3,3,1,0
2.3,1.4,135,3.7,-1.2,-135,0.54679,2.6926,-0.31362,3.8897,2.953,4,0.35,1.4,2.6,270,2,2,2,0,1
-4,2,-45,0.1,1.7,0,2.6779,4.4721,1.512,1.7029,4.111,4.4,0.93182,4.1,0.3,45,0,0,0,1,1
1.8,0.5,0,-2.4,2.6,-45,0.27095,1.8682,2.3162,3.5384,4.6957,6.3,0.66667,4.2,2.1,45,0,0,0,0,1
3.3,-3.4,-135,4.4,-0.5,90,-0.80032,4.7381,-0.11315,4.4283,3.1016,4,0.275,1.1,2.9,225,1,1,1,1,0
-1.3,-3.5,90,-5.4,0.2,90,-1.9264,3.7336,3.1046,5.4037,5.5227,7.8,0.52564,4.1,3.7,0,1,1,1,1,0
-1.3,3.5,90,2.8,1.1,0,1.9264,3.7336,0.37433,3.0083,4.7508,6.5,0.63077,4.1,2.4,90,0,0,0,0,1
2.3,-2.1,-45,4.9,-0.2,45,-0.73997,3.1145,-0.040794,4.9041,3.2202,4.5,0.57778,2.6,1.9,90,1,1,1,0,1
-3.2,2.3,-45,-0.4,-2.2,90,2.5184,3.9408,-1.7506,2.2361,5.3,7.3,0.38356,2.8,4.5,135,0,0,0,1,0
5.4,-1,90,-0.4,-1.9,45,-0.18311,5.4918,-1.7783,1.9416,5.8694,6.7,0.86567,5.8,0.9,45,1,1,1,1,0
-4.4,-0.3,180,-4.2,-0.6,45,-3.0735,4.4102,-2.9997,4.2426,0.36056,0.5,0.4,0.2,0.3,135,0,0,0,0,0
0.1,-2.8,90,5.6,-3.4,-135,-1.5351,2.8018,-0.54566,6.5513,5.5326,6.1,0.90164,5.5,0.6,225,0,0,0,0,1
-5.5,2,-135,4.6,1.8,-45,2.7928,5.8523,0.37299,4.9396,10.102,10.3,0.98058,10.1,0.2,90,0,0,0,0,3
-2.3,-0.3,0,-0.1,-3.1,-135,-3.0119,2.3195,-1.603,3.1016,3.5609,5,0.44,2.2,2.8,135,1,1,1,0,0
-2.2,-1.4,90,-1.1,-0.5,0,-2.5749,2.6077,-2.715,1.2083,1.4213,2,0.55,1.1,0.9,90,0,0,0,0,0
5.4,-1,45,-4.5,0.3,90,-0.18311,5.4918,3.075,4.51,9.985,11.2,0.88393,9.9,1.3,45,0,0,0,0,0
